Threshold,Precision,Recall,F1,TP,FP,FN,Total Cost
0.1,0.4557823129251701,0.67,0.5425101214574899,67,80,33,-1930
0.2,0.7435897435897436,0.58,0.651685393258427,58,20,42,-820
0.30000000000000004,0.8852459016393442,0.54,0.6708074534161491,54,7,46,-190
0.4,0.9454545454545454,0.52,0.6709677419354839,52,3,48,150
0.5,0.98,0.49,0.6533333333333333,49,1,51,700
0.6,0.9782608695652174,0.45,0.6164383561643836,45,1,55,1460
0.7000000000000001,1.0,0.42,0.5915492957746479,42,0,58,2020
0.8,1.0,0.35,0.5185185185185185,35,0,65,3350
